{"kosarak": [[25, 0.45586559772491453], [50, 0.45199573040008545], [100, 0.45513186454772947], [200, 0.45278761386871336], [400, 0.4569485902786255], [800, 0.4689280271530151]], "T40I10D100K": [[25, 0.010840749740600586], [50, 0.010605263710021972], [100, 0.010811233520507812], [200, 0.010750842094421387], [400, 0.01414177417755127], [800, 0.022657155990600586]], "BMS-POS": [[25, 0.018690037727355956], [50, 0.01867079734802246], [100, 0.018409299850463866], [200, 0.01875157356262207], [400, 0.023856329917907714], [800, 0.030352973937988283]]}