{"kosarak": [[25, 0.09871906280517578], [50, 0.09753393220901489], [100, 0.09738711929321289], [200, 0.09869864869117737], [400, 0.09895673990249634], [800, 0.09903858852386474]], "T40I10D100K": [[25, 0.002254903554916382], [50, 0.0022425696849823], [100, 0.0022727203369140624], [200, 0.0023284945487976076], [400, 0.0023821792602539064], [800, 0.00252230429649353]], "BMS-POS": [[25, 0.003920059204101562], [50, 0.003913334131240845], [100, 0.003960293769836426], [200, 0.003991201639175415], [400, 0.004068549394607544], [800, 0.004206956863403321]]}