{"kosarak": [[25, 1.7323669338226317], [50, 1.7427648043632507], [100, 1.7478162884712218], [200, 1.7546846222877504], [400, 1.7762251591682434], [800, 1.8173229002952576]], "T40I10D100K": [[25, 0.03590245962142944], [50, 0.03610552549362182], [100, 0.03669808387756348], [200, 0.039017467498779296], [400, 0.05030752658843994], [800, 0.08179063081741333]], "BMS-POS": [[25, 0.06397707223892211], [50, 0.06441075563430786], [100, 0.06432026624679565], [200, 0.06610889434814453], [400, 0.08039817333221436], [800, 0.1177697515487671]]}