{"kosarak": [[25, 1.744234549999237], [50, 1.7747445344924926], [100, 1.796171841621399], [200, 2.3265410709381102]], "T40I10D100K": [[25, 0.0362396764755249], [50, 0.0362922477722168], [100, 0.04107380867004395], [200, 0.04550281763076782]], "BMS-POS": [[25, 0.06414261817932129], [50, 0.0643176531791687], [100, 0.06503628730773926], [200, 0.0772832179069519]]}