{"kosarak": [[25, 0.22620604753494264], [50, 0.22592787504196166], [100, 0.2262730884552002], [200, 0.22730299472808838]], "T40I10D100K": [[25, 0.00526970386505127], [50, 0.005180201530456543], [100, 0.005203287601470947], [200, 0.005283808708190918]], "BMS-POS": [[25, 0.009169979095458984], [50, 0.009064173698425293], [100, 0.009135682582855225], [200, 0.009217658042907716]]}