{"kosarak": [[25, 0.22583136558532715], [50, 0.2261322021484375], [100, 0.22680970907211304], [200, 0.2292653179168701], [400, 0.22919647693634032], [800, 0.2279346179962158]], "T40I10D100K": [[25, 0.0052636671066284176], [50, 0.005262956619262695], [100, 0.005278482437133789], [200, 0.0053430008888244625], [400, 0.005422375202178955], [800, 0.0055336618423461915]], "BMS-POS": [[25, 0.009168484210968018], [50, 0.009184799194335937], [100, 0.00920881748199463], [200, 0.009401862621307372], [400, 0.009324932098388672], [800, 0.009504115581512452]]}