{"kosarak": [[25, 0.08730921745300294], [50, 0.087056565284729], [100, 0.08700494766235352], [200, 0.08715319633483887], [400, 0.08838787078857421], [800, 0.08760058879852295]], "T40I10D100K": [[25, 0.002120661735534668], [50, 0.002094936370849609], [100, 0.002107119560241699], [200, 0.0021358489990234374], [400, 0.0022032976150512694], [800, 0.002313661575317383]], "BMS-POS": [[25, 0.003642582893371582], [50, 0.003638482093811035], [100, 0.003569197654724121], [200, 0.003556966781616211], [400, 0.0036597251892089844], [800, 0.0038762807846069334]]}