{"kosarak": [[25, 0.4540708065032959], [50, 0.4542102813720703], [100, 0.4565943002700806], [200, 0.5529468297958374], [400, 1.0559916734695434], [800, 1.242537784576416]], "T40I10D100K": [[25, 0.01076819896697998], [50, 0.010596418380737304], [100, 0.012987875938415527], [200, 0.010858535766601562], [400, 0.019490480422973633], [800, 0.023923540115356447]], "BMS-POS": [[25, 0.018875694274902342], [50, 0.018609499931335448], [100, 0.01859238147735596], [200, 0.02282748222351074], [400, 0.03343038558959961], [800, 0.04971024990081787]]}