{"kosarak": [[25, 0.45822972226142883], [50, 0.45945994448661803], [100, 0.48202893376350403], [200, 0.5753814713954926], [400, 0.9767242157459259], [800, 1.2230418334007263]], "T40I10D100K": [[25, 0.010539703369140625], [50, 0.010808398485183716], [100, 0.011648749828338623], [200, 0.01395966672897339], [400, 0.019805870056152343], [800, 0.025891878366470337]], "BMS-POS": [[25, 0.018514447689056395], [50, 0.018515026330947877], [100, 0.019033881664276123], [200, 0.022118359804153442], [400, 0.0352127206325531], [800, 0.04872324323654175]]}