{"kosarak": [[25, 1.742369565963745], [50, 1.7509408235549926], [100, 1.7551651406288147], [200, 1.7618414282798767]], "T40I10D100K": [[25, 0.035958001613616945], [50, 0.03605822086334229], [100, 0.036741058826446536], [200, 0.03977446556091309]], "BMS-POS": [[25, 0.06415429830551148], [50, 0.06405207395553589], [100, 0.06526010513305663], [200, 0.0655550742149353]]}