{"kosarak": [[25, 0.4553255081176758], [50, 0.4551739816665649], [100, 0.45489589619636533], [200, 0.4555974335670471], [400, 0.45973535990715025], [800, 0.47130921626091005]], "T40I10D100K": [[25, 0.010593293190002441], [50, 0.01064637851715088], [100, 0.010831503868103028], [200, 0.011511218547821046], [400, 0.014741235733032227], [800, 0.023709633827209472]], "BMS-POS": [[25, 0.018438782930374147], [50, 0.01847742033004761], [100, 0.018568805694580078], [200, 0.019110695362091066], [400, 0.02285901665687561], [800, 0.0330939872264862]]}