{"kosarak": [[25, 1.7345125150680543], [50, 1.752722671031952], [100, 1.7766491270065308], [200, 1.7815955996513366], [400, 1.7836113715171813], [800, 1.8105566811561584]], "T40I10D100K": [[25, 0.03540870904922486], [50, 0.03560218811035156], [100, 0.036491289138793945], [200, 0.03970303058624267], [400, 0.05002440214157104], [800, 0.0793159532546997]], "BMS-POS": [[25, 0.06366312980651856], [50, 0.06344297170639038], [100, 0.06412242412567139], [200, 0.06565399885177613], [400, 0.08046313285827637], [800, 0.11461573839187622]]}