{"kosarak": [[25, 1.7305928206443786], [50, 1.7393500328063964], [100, 1.7671246647834777], [200, 2.13430659532547], [400, 3.7093061208724976], [800, 4.635719480514527]], "T40I10D100K": [[25, 0.035652880668640134], [50, 0.03574897527694702], [100, 0.038844168186187744], [200, 0.050692591667175296], [400, 0.0668259334564209], [800, 0.08812451362609863]], "BMS-POS": [[25, 0.06386025190353393], [50, 0.06551178932189941], [100, 0.06705982685089111], [200, 0.0736004376411438], [400, 0.12190256357192993], [800, 0.1645706868171692]]}